sl_no,constituency_name,district_name,winning_candidate,sex,age,party,constituency_type,total_electors,valid_votes,candidate_votes,turnout,candidate_vote_share,winning_margin
1,NIPPANI,BELGAUM,JOLLE SHASHIKALA ANNASAHEB,F,43,BJP,General,189696,152690,81860,80.49,53.61,12.22
2,CHIKKODI-SADALGA,BELGAUM,PRAKASH BABANNA HUKKERI,M,66,INC,General,187308,149375,102237,79.75,68.44,51.27
3,ATHANI,BELGAUM,LAXMAN SANGAPPA SAVADI,M,53,BJP,General,186167,146290,74299,78.58,50.79,16.25
4,KAGWAD,BELGAUM,BHARAMGOUD ALAGOUD KAGE,M,55,BJP,General,164201,129200,41784,78.68,32.34,2.23
5,KUDACHI,BELGAUM,P.RAJEEV,M,35,BSRCP,SC,147941,115375,71057,77.99,61.59,40.07
6,RAYBAG,BELGAUM,AIHOLE DURYODHAN MAHALINGAPPA,M,55,BJP,SC,162583,122106,37535,75.1,30.74,0.68
7,HUKKERI,BELGAUM,UMESH VISHWANATH KATTI,M,52,BJP,General,175565,132961,81810,75.73,61.53,43.11
8,ARABHAVI,BELGAUM,BALACHANDRA LAXMANRAO JARKIHOLI,M,47,BJP,General,196454,145099,99283,73.86,68.42,51.84
9,GOKAK,BELGAUM,JARKIHOLI RAMESH LAXMANRAO,M,52,INC,General,202371,144327,79175,71.32,54.86,19.4
10,YEMKANMARDI,BELGAUM,SATISH LAXMANARAO JARAKIHOLI,M,50,INC,ST,162258,124560,70726,76.77,56.78,19.55
11,BELGAUM UTTAR,BELGAUM,FAIROZ NURUDDIN SAITH,M,61,INC,General,193980,115183,45125,59.38,39.18,15.81
12,BELGAUM DAKSHIN,BELGAUM,SAMBHAJI LAKSHMAN PATIL,M,62,IND,General,202238,131946,54426,65.24,41.25,4.78
13,BELGAUM RURAL,BELGAUM,SANJAY B PATIL,M,44,BJP,General,205568,152059,38322,73.97,25.2,0.88
14,KHANAPUR,BELGAUM,ARVIND CHANDRAKANT PATIL,M,45,IND,General,185379,134890,37055,72.76,27.47,11.97
15,KITTUR,BELGAUM,INAMADAR DANAPPAGOUDA BASANAGOUDA,M,64,INC,General,166696,125970,53924,75.57,42.81,14.52
16,BAILHONGAL,BELGAUM,DR|| VISHWANATH IRANAGOUDA PATIL,M,48,KJP,General,163270,126797,40709,77.66,32.11,2.86
17,SAUNDATTI YELLAMMA,BELGAUM,ANAND ALIAS VISHWANATH CHANDRASHEKHAR MAMANI,M,46,BJP,General,168709,133145,46434,78.92,34.87,12.05
18,RAMDURG,BELGAUM,ASHOK MAHADEVAPPA PATTAN,M,58,INC,General,172341,129132,42310,74.93,32.76,3.86
19,MUDHOL,BAGALKOT,GOVIND.M.KARJOL,M,62,BJP,SC,166358,129099,64727,77.6,50.14,4.01
20,TERDAL,BAGALKOT,UMASHREE,F,55,INC,General,192780,151562,70189,78.62,46.31,1.71
21,JAMKHANDI,BAGALKOT,SIDDU B. NYAMAGOUDA,M,63,INC,General,176718,131750,49145,74.55,37.3,16.05
22,BILGI,BAGALKOT,J . T. PATIL,M,63,INC,General,190466,149179,66655,78.32,44.68,7.53
23,BADAMI,BAGALKOT,CHIMMANAKATTI BALAPPA BHIMAPPA,M,62,INC,General,196662,139071,57446,70.72,41.31,10.87
24,BAGALKOT,BAGALKOT,METI HULLAPPA YAMANAPPA,M,68,INC,General,201375,139966,68216,69.51,48.74,2.07
25,HUNGUND,BAGALKOT,KASHAPPANAVAR VIJAYANAND SHIVASHANKRAPPA,M,41,INC,General,191972,137024,72720,71.38,53.07,11.53
26,MUDDEBIHAL,BIJAPUR,APPAJI URF CHANNABASAVARAJ SHANKARAO NADAGOUD,M,55,INC,General,174207,114726,34747,65.86,30.29,10.64
27,DEVAR HIPPARGI,BIJAPUR,AMINAPPAGOUDA SANGANAGOUDA PATIL,M,44,INC,General,178141,115245,36231,64.69,31.44,7.03
28,BASAVANA BAGEVADI,BIJAPUR,SHIVANAND S PATIL,M,53,INC,General,175846,126819,56329,72.12,44.42,15.52
29,BABALESHWAR,BIJAPUR,M.B.PATIL,M,49,INC,General,184083,134348,62061,72.98,46.19,3.24
30,BIJAPUR CITY,BIJAPUR,MAKBUL S BAGAWAN,M,44,INC,General,211756,119021,48615,56.21,40.85,7.88
31,NAGTHAN,BIJAPUR,RAJU ALAGUR,M,52,INC,SC,225624,140024,45570,62.06,32.54,0.48
32,INDI,BIJAPUR,YASHAVANTARAYAGOUDA VITTALAGOUDA PATIL,M,45,INC,General,200749,138775,58562,69.13,42.2,24
33,SINDGI,BIJAPUR,BHUSANUR RAMESH BALAPPA,M,54,BJP,General,184900,128355,37834,69.42,29.48,0.59
34,AFZALPUR,GULBARGA,MALIKAYYA VENKAYYA GUTTEDAR,M,57,INC,General,190336,128606,38093,67.57,29.62,4.07
35,JEVARGI,GULBARGA,AJAY DHARAM SINGH,M,39,INC,General,197259,144563,67038,73.29,46.37,25.39
36,SHORAPUR,YADGIR,RAJA VENKATAPPA NAYAK,M,56,INC,ST,220310,146207,65033,66.36,44.48,2.79
37,SHAHAPUR,YADGIR,GURU PATIL SHIRAVAL,M,43,KJP,General,188066,127118,54924,67.59,43.21,4.56
38,YADGIR,YADGIR,DR. MAALAKAREDDY,M,75,INC,General,190536,119778,40434,62.86,33.76,7.6
39,GURMITKAL,YADGIR,BABURAO CHINCHANASOOR,M,62,INC,General,203045,129030,36051,63.55,27.94,1.28
40,CHITTAPUR,GULBARGA,PRIYANK M. KHARGE,M,34,INC,SC,190429,123716,69379,64.97,56.08,25.21
41,SEDAM,GULBARGA,DR SHARANPRAKASH PATIL,M,46,INC,General,185201,135976,53546,73.42,39.38,8.75
42,CHINCHOLI,GULBARGA,DR UMESH G JADAV,M,54,INC,SC,169337,112983,58599,66.72,51.87,23.07
43,GULBARGA RURAL,GULBARGA,G.RAMKRISHNA,M,72,INC,SC,211123,123418,40075,58.46,32.47,5.84
44,GULBARGA DAKSHIN,GULBARGA,DATTATRAYA C. PATIL REVOOR (APPU GOUDA),M,31,BJP,General,211956,117303,36850,55.34,31.41,8.5
45,GULBARGA UTTAR,GULBARGA,QAMAR UL ISLAM,M,66,INC,General,208698,104839,50498,50.23,48.17,19.19
46,ALAND,GULBARGA,B.R. PATIL,M,63,KJP,General,192986,132385,67085,68.6,50.67,12.93
47,BASAVAKALYAN,BIDAR,MALLIKARJUN SIDRAMAPPA KHUBA,M,36,JD(S),General,198007,126172,37494,63.72,29.72,12.6
48,HOMNABAD,BIDAR,RAJASHEKHAR BASAVARAJ PATIL,M,49,INC,General,206145,136013,64694,65.98,47.56,18.01
49,BIDAR SOUTH,BIDAR,ASHOK KHENY,M,62,KMP,General,181107,124857,47763,68.94,38.25,12.64
50,BIDAR,BIDAR,GURUPADAPPA NAGAMARPALLI,M,71,KJP,General,190262,112971,50718,59.38,44.89,2.28
51,BHALKI,BIDAR,ESHWARA KHANDRE,M,51,INC,General,200474,147091,58012,73.37,39.44,6.57
52,AURAD,BIDAR,PRABHU B. CHAVAN,M,44,BJP,SC,189099,129101,61826,68.27,47.89,17.96
53,RAICHUR RURAL,RAICHUR,THIPPARAJU,M,36,BJP,ST,195582,134739,50497,68.89,37.48,2.43
54,RAICHUR,RAICHUR,DR. SHIVARAJ PATIL S.,M,42,JD(S),General,184986,99286,45263,53.67,45.59,7.93
55,MANVI,RAICHUR,G.HAMPAYYA SAHUKAR BALLATAGI,M,62,INC,ST,199508,121974,50619,61.14,41.5,5.73
56,DEVADURGA,RAICHUR,A. VENKATESH NAIK,M,76,INC,ST,182856,127422,62070,69.68,48.71,2.9
57,LINGSUGUR,RAICHUR,MANAPPA D.VAJJAL,M,52,JD(S),SC,197870,129580,31737,65.49,24.49,0.99
58,SINDHANUR,RAICHUR,BADARLI HAMPANAGOUDA,M,63,INC,General,199977,145208,49213,72.61,33.89,8.96
59,MASKI,RAICHUR,PRATAPGOWDA PATIL,M,58,INC,ST,164884,105728,45552,64.12,43.08,18.11
60,KUSHTAGI,KOPPAL,DODDANAGOUDA HANAMAGOUDA PATIL,M,44,BJP,General,193774,138246,44007,71.34,31.83,2.2
61,KANAKAGIRI,KOPPAL,SHIVARAJ SANGAPPA TANGADAGI,M,42,INC,SC,183620,135446,49451,73.76,36.51,3.73
62,GANGAWATI,KOPPAL,IQBAL ANSARI,M,51,JD(S),General,170865,125343,60303,73.36,48.11,23.77
63,YELBURGA,KOPPAL,BASAVARAJ RAYARADDY,M,57,INC,General,180009,136729,52388,75.96,38.32,12.36
64,KOPPAL,KOPPAL,K.RAGHAVENDRA BASAVARAJ HITNAL,M,34,INC,General,205255,151417,81062,73.77,53.54,17.69
65,SHIRAHATTI,GADAG,DODDAMANI RAMAKRISHNA SHIDDLINGAPPA,M,57,INC,SC,182763,131227,44738,71.8,34.09,0.24
66,GADAG,GADAG,H K PATIL,M,60,INC,General,191106,136314,70475,71.33,51.7,24.74
67,RON,GADAG,GURUPADAGOUDA SANGANAGOUDA PATIL,M,65,INC,General,195737,145905,74593,74.54,51.12,12.49
68,NARGUND,GADAG,B R YAVAGAL,M,66,INC,General,171702,128630,59620,74.91,46.35,6.67
69,NAVALGUND,DHARWAD,N.H.KONARADDI,M,49,JD(S),General,182898,137347,44448,75.09,32.36,1.94
70,KUNDGOL,DHARWAD,CHANNABASAPPA SATYAPPA SHIVALLI,M,51,INC,General,168831,129517,52690,76.71,40.68,16.27
71,DHARWAD,DHARWAD,VINAY KULKARNI,M,46,INC,General,183561,133018,53453,72.47,40.18,13.77
72,HUBLI-DHARWAD-EAST,DHARWAD,ABBAYYA PRASAD,M,44,INC,SC,174347,109094,42353,62.57,38.82,12.39
73,HUBLI-DHARWAD-CENTRAL,DHARWAD,JAGADISH SHETTAR,M,57,BJP,General,212179,117311,58201,55.29,49.61,15.13
74,HUBLI-DHARWAD- WEST,DHARWAD,ARAVIND CHANDRAKANT BELLAD,M,43,BJP,General,220564,126910,42003,57.54,33.1,8.81
75,KALGHATGI,DHARWAD,SANTHOSH S LAD,M,38,INC,General,168350,131588,76802,78.16,58.37,34.7
76,HALIYAL,UTTARA KANNADA,DESHPANDE. R. V.,M,66,INC,General,157649,120150,55005,76.21,45.78,4.94
77,KARWAR,UTTARA KANNADA,SANTEESH SAIL KRISHNA,M,45,IND,General,205831,145439,80727,70.66,55.51,24.67
78,KUMTA,UTTARA KANNADA,SHARDA MOHAN SHETTY,F,51,INC,General,167620,124257,36756,74.13,29.58,0.34
79,BHATKAL,UTTARA KANNADA,MANKALA SUBBA VAIDYA,M,41,IND,General,189664,134517,37319,70.92,27.74,7.35
80,SIRSI,UTTARA KANNADA,ANANT KAGERI VISHWESHWAR HEGDE,M,52,BJP,General,174259,131191,42854,75.29,32.67,2.33
81,YELLAPUR,UTTARA KANNADA,ARBAIL SHIVARAM HEBBAR,M,55,INC,General,151753,120745,58025,79.57,48.06,20.28
82,HANGAL,HAVERI,MANOHAR H. TAHASHILDAR,M,67,INC,General,173934,144395,66324,83.02,45.93,3.94
83,SHIGGAON,HAVERI,BASAVARAJ BOMMAI,M,53,BJP,General,188396,150102,73007,79.67,48.64,6.33
84,HAVERI,HAVERI,RUDRAPPA MANAPPA LAMANI,M,54,INC,SC,198638,150469,83119,75.75,55.24,20.08
85,BYADGI,HAVERI,BASAVARAJ NEELAPPA SHIVANNANAVAR,M,57,INC,General,180548,149831,57707,82.99,38.51,8.92
86,HIREKERUR,HAVERI,U. B. BANAKAR,M,53,KJP,General,162016,132997,52623,82.09,39.57,1.96
87,RANIBENNUR,HAVERI,KOLIWAD K.B,M,69,INC,General,200778,159167,53780,79.28,33.79,4.26
88,HADAGALLI,BELLARY,P.T.PARAMESHWARANAIK,M,48,INC,SC,157285,116099,59336,73.81,51.11,35.15
89,HAGARIBOMMANAHALLI,BELLARY,BHEEMANAIK LBP,M,39,JD(S),SC,185145,144826,51972,78.22,35.89,0.09
90,VIJAYANAGARA,BELLARY,ANAND SINGH,M,47,BJP,General,171289,124713,69995,72.81,56.12,24.57
91,KAMPLI,BELLARY,T.H. SURESH BABU,M,30,BSRCP,ST,182270,140277,70858,76.96,50.51,24.52
92,SIRUGUPPA,BELLARY,B.M. NAGARAJA,M,42,INC,ST,170038,126777,65490,74.56,51.66,17.21
93,BELLARY,BELLARY,B. SREERAMULU,M,42,BSRCP,ST,173111,130314,74854,75.28,57.44,25.55
94,BELLARY CITY,BELLARY,ANIL LAD,M,39,INC,General,194202,119471,52098,61.52,43.61,15.23
95,SANDUR,BELLARY,E.TUKARAM,M,46,INC,ST,171854,128384,62246,74.71,48.48,26.97
96,KUDLIGI,BELLARY,B. NAGENDRA,M,42,IND,ST,170516,132941,71477,77.96,53.77,18.66
97,MOLAKALMURU,CHITRADURGA,S. THIPPESWAMY,M,64,BSRCP,ST,207158,164413,76827,79.37,46.73,4.36
98,CHALLAKERE,CHITRADURGA,T RAGHUMURTHY,M,50,INC,ST,188758,147776,60197,78.29,40.74,15.65
99,CHITRADURGA,CHITRADURGA,G.H.THIPPAREDDY,M,66,BJP,General,225280,163365,62228,72.52,38.09,16.35
100,HIRIYUR,CHITRADURGA,D.SUDHAKAR,M,52,INC,General,216172,160397,71661,74.2,44.68,0.75
101,HOSADURGA,CHITRADURGA,B.G. GOVINDAPPA,M,58,INC,General,175379,140003,58010,79.83,41.43,14.3
102,HOLALKERE,CHITRADURGA,H. ANJANEYA,M,58,INC,SC,204469,162979,76856,79.71,47.16,7.89
103,JAGALUR,DAVANAGERE,H.P.RAJESH,M,47,INC,ST,167330,132149,77805,78.98,58.88,27.92
104,HARAPANAHALLI,DAVANAGERE,M P RAVINDRA,M,44,INC,General,184923,150223,56954,81.24,37.91,5.6
105,HARIHAR,DAVANAGERE,H.S. SHIVASHANKAR,M,44,JD(S),General,194111,150743,59666,77.66,39.58,12.64
106,DAVANAGERE NORTH,DAVANAGERE,S S MALLIKARJUNA,M,45,INC,General,208005,134450,88101,64.64,65.53,42.6
107,DAVANAGERE SOUTH,DAVANAGERE,SHAMANUR SHIVASHANKARAPPA,M,81,INC,General,182370,120410,66320,66.03,55.08,33.35
108,MAYAKONDA,DAVANAGERE,K.SHIVAMURTHY,M,57,INC,SC,174925,135030,32435,77.19,24.02,0.51
109,CHANNAGIRI,DAVANAGERE,VADNAL RAJANNA,M,61,INC,General,175842,143385,53355,81.54,37.21,1.24
110,HONNALI,DAVANAGERE,D. G SHANTANA GOWDA,M,65,INC,General,174516,149119,78789,85.45,52.84,12.57
111,SHIMOGA RURAL,SHIMOGA,SHARADA POORYANAIK,F,42,JD(S),SC,186016,143288,48639,77.03,33.94,7.06
112,BHADRAVATI,SHIMOGA,APPAJI. M.J,M,60,JD(S),General,199358,143556,78370,72.01,54.59,30.72
113,SHIMOGA,SHIMOGA,K.B. PRASANNAKUMAR,M,44,INC,General,215937,139648,39355,64.67,28.18,0.2
114,TIRTHAHALLI,SHIMOGA,KIMMANE RATNAKAR,M,61,INC,General,169863,139215,37160,81.96,26.69,0.96
115,SHIKARIPURA,SHIMOGA,B.S.YADIYURAPPA,M,70,KJP,General,172735,138566,69126,80.22,49.89,17.63
116,SORAB,SHIMOGA,S.MADHU BANGARAPPA,M,47,JD(S),General,172035,141159,58541,82.05,41.47,15.04
117,SAGAR,SHIMOGA,KAGODU THIMMAPPA,M,82,INC,General,179790,137407,71960,76.43,52.37,30.02
118,BYNDOOR,UDUPI,K.GOPALA POOJARY,M,53,INC,General,194914,148090,82277,75.98,55.56,21.03
119,KUNDAPURA,UDUPI,HALADY SRINIVASA SHETTY,M,62,IND,General,181943,138983,80563,76.39,57.97,29.22
120,UDUPI,UDUPI,PRAMOD MADHWARAJ,M,45,INC,General,180879,138430,86868,76.53,62.75,28.55
121,KAPU,UDUPI,VINAY KUMAR SORAKE,M,58,INC,General,155380,113861,52782,73.28,46.36,1.63
122,KARKAL,UDUPI,V.SUNILL KUMAR,M,37,BJP,General,161008,130474,65039,81.04,49.85,3.26
123,SRINGERI,CHICKMAGALUR,D.N. JEEVARAJ,M,50,BJP,General,150064,119957,58402,79.94,48.69,2.88
124,MUDIGERE,CHICKMAGALUR,B.B. NINGAIAH,M,54,JD(S),SC,152759,110237,32417,72.16,29.41,0.58
125,CHIKMAGALUR,CHICKMAGALUR,C T RAVI,M,45,BJP,General,191175,139045,58683,72.73,42.2,7.9
126,TARIKERE,CHICKMAGALUR,G.H SRINIVASA,M,45,INC,General,159977,124727,35817,77.97,28.72,0.72
127,KADUR,CHICKMAGALUR,Y.S.V.DATTA,M,59,JD(S),General,182892,141538,68733,77.39,48.56,29.98
128,CHIKNAYAKANHALLI,TUMKUR,C.B.SURESHBABU,M,42,JD(S),General,198417,160826,60759,81.05,37.78,6.93
129,TIPTUR,TUMKUR,K.SHADAKSHARI,M,64,INC,General,171491,140253,56817,81.78,40.51,8.27
130,TURUVEKERE,TUMKUR,M.T.KRISHNAPPA,M,62,JD(S),General,176017,140074,66089,79.58,47.18,6.37
131,KUNIGAL,TUMKUR,D. NAGARAJAIAH,M,69,JD(S),General,170828,142545,44575,83.44,31.27,6.76
132,TUMKUR CITY,TUMKUR,DR. RAFEEQ AHMED S.,M,45,INC,General,210384,138317,43681,65.75,31.58,2.61
133,TUMKUR RURAL,TUMKUR,B.SURESH GOWDA,M,48,BJP,General,175369,146725,55029,83.67,37.5,1.07
134,KORATAGERE,TUMKUR,SUDHAKARA LAL .P.R,M,48,JD(S),SC,181914,152242,72229,83.69,47.44,11.93
135,GUBBI,TUMKUR,S R SHRINIVAS (VASU),M,51,JD(S),General,167885,139659,58783,83.19,42.09,5.19
136,SIRA,TUMKUR,T B JAYACHANDRA,M,64,INC,General,201521,159445,74089,79.12,46.47,9.21
137,PAVAGADA,TUMKUR,K.M.THIMMARAYAPPA,M,55,JD(S),SC,186168,145380,68686,78.09,47.25,3.35
138,MADHUGIRI,TUMKUR,KYATASANDRA N.RAJANNA,M,62,INC,General,182546,147308,75086,80.7,50.97,9.79
139,GAURIBIDANUR,CHIKBALLAPUR,N H SHIVASHANKARA REDDY,M,59,INC,General,186720,149168,50131,79.89,33.61,4.07
140,BAGEPALLI,CHIKBALLAPUR,S.N SUBBAREDDY(CHINNAKAYAL APALLI),M,47,IND,General,175917,150498,66227,85.55,44.01,20.44
141,CHIKKABALLAPUR,CHIKBALLAPUR,DR. K SUDHAKAR,M,39,INC,General,176367,146709,74914,83.18,51.06,10.26
142,SIDLAGHATTA,CHIKBALLAPUR,M. RAJANNA,M,49,JD(S),General,176854,153740,77931,86.93,50.69,10.07
143,CHINTAMANI,CHIKBALLAPUR,J.K.KRISHNAREDDY,M,46,JD(S),General,186465,158113,68950,84.8,43.61,1.07
144,SRINIVASPUR,KOLAR,K.R.RAMESHKUMAR,M,63,INC,General,190885,168875,83426,88.47,49.4,2.31
145,MULBAGAL,KOLAR,G.MANJUNATHA,M,34,IND,SC,171494,138700,73146,80.88,52.74,24.32
146,KOLAR GOLD FIELD,KOLAR,RAMAKKA .Y,F,59,BJP,SC,169610,117374,55014,69.2,46.87,22.17
147,BANGARAPET,KOLAR,S.N.NARAYANASWAMY.K.M,M,45,INC,SC,172912,141858,71570,82.04,50.45,20
148,KOLAR,KOLAR,R. VATHUR PRAKASH,M,47,IND,General,196220,163480,62957,83.31,38.51,7.7
149,MALUR,KOLAR,K.S. MANJUNATHGOWDA,M,38,JD(S),General,163883,143121,57645,87.33,40.28,13.11
150,YELAHANKA,BANGALORE,S.R. VISHWANATH,M,50,BJP,General,293238,196147,75507,66.89,38.5,9.38
151,K.R.PURA,BANGALORE,B.A.BASAVARAJA,M,48,INC,General,339784,200184,106299,58.92,53.1,11.99
152,BYATARAYANAPURA,BANGALORE,KRISHNA BYRE GOWDA,M,40,INC,General,330387,208322,96125,63.05,46.14,15.55
153,YESHVANTHAPURA,BANGALORE,S.T.SOMASHEKAR,M,55,INC,General,349639,231515,120380,66.22,52,12.57
154,RAJARAJESHWARINAGAR,BANGALORE,MUNIRATHNA,M,49,INC,General,334493,189998,71064,56.8,37.4,9.9
155,DASARAHALLI,BANGALORE,S MUNIRAJU,M,55,BJP,General,344606,191258,57562,55.5,30.1,5.66
156,MAHALAKSHMI LAYOUT,BANGALORE,GOPALAIAH .K.,M,52,JD(S),General,245583,147849,66127,60.2,44.73,10.4
157,MALLESHWARAM,BANGALORE,DR. ASHWATH NARAYAN C. N.,M,45,BJP,General,173755,108299,57609,62.33,53.19,19.45
158,HEBBAL,BANGALORE,R. JAGADEESH KUMAR,M,56,BJP,General,210497,115540,38162,54.89,33.03,4.45
159,PULAKESHINAGAR,BANGALORE,AKHANDA SRINIVAS MURTHY.R,M,43,JD(S),SC,178272,100501,48995,56.38,48.75,10.15
160,SARVAGNANAGAR,BANGALORE,K.J. GEORGE,M,63,INC,General,280041,140672,69673,50.23,49.53,16.25
161,C.V. RAMAN NAGAR,BANGALORE,S. RAGHU,M,43,BJP,SC,197124,106178,53364,53.86,50.26,7.93
162,SHIVAJINAGAR,BANGALORE,R.ROSHAN BAIG,M,59,INC,General,167309,90895,49649,54.33,54.62,22.94
163,SHANTI NAGAR,BANGALORE,N.A.HARIS,M,46,INC,General,179461,103610,54342,57.73,52.45,19.48
164,GANDHI NAGAR,BANGALORE,DINESH GUNDU RAO,M,43,INC,General,192936,110828,54968,57.44,49.6,20.4
165,RAJAJI NAGAR,BANGALORE,S.SURESH KUMAR,M,57,BJP,General,176249,107802,39291,61.16,36.45,13.7
166,GOVINDRAJ NAGAR,BANGALORE,PRIYAKRISHNA,M,29,INC,General,239465,131237,72654,54.8,55.36,32.35
167,VIJAY NAGAR,BANGALORE,M.KRISHNAPPA,M,61,INC,General,235950,133197,76891,56.45,57.73,24.51
168,CHAMRAJPET,BANGALORE,B.Z.ZAMEER AHMED KHAN,M,48,JD(S),General,183009,107679,56339,58.84,52.32,28.01
169,CHICKPET,BANGALORE,R.V. DEVRAJ,M,55,INC,General,187694,108814,44714,57.97,41.09,12
170,BASAVANAGUDI,BANGALORE,RAVI SUBRAMANYA.L.A.,M,55,BJP,General,198604,103647,43876,52.19,42.33,19.02
171,PADMANABA NAGAR,BANGALORE,R ASHOKA,M,55,BJP,General,219754,128353,53680,58.41,41.82,15.68
172,B.T.M LAYOUT,BANGALORE,RAMALINGAREDDY,M,60,INC,General,206974,110486,69712,53.38,63.1,44.39
173,JAYANAGAR,BANGALORE,B.N. VIJAYAKUMAR,M,54,BJP,General,170907,95565,43990,55.92,46.03,12.88
174,MAHADEVAPURA,BANGALORE,ARVIND LIMBAVALI,M,46,BJP,SC,368393,226749,110244,61.55,48.62,2.71
175,BOMMANAHALLI,BANGALORE,SATHISH REDDY.M,M,41,BJP,General,323091,174734,86552,54.08,49.53,14.8
176,BANGALORE SOUTH,BANGALORE,M. KRISHNAPPA,M,50,BJP,General,447562,250737,102207,56.02,40.76,12.03
177,ANEKAL,BANGALORE,SHIVANNA B.,M,46,INC,SC,270767,186461,105464,68.86,56.56,21.55
178,HOSAKOTE,BANGALORE RURAL,M.T.B. NAGARAJ,M,61,INC,General,182905,166395,85238,90.97,51.23,4.29
179,DEVANAHALLI,BANGALORE RURAL,PILLA MUNISHAMAPPA,M,48,JD(S),SC,185376,153547,70323,82.83,45.8,1.26
180,DODDABALLAPUR,BANGALORE RURAL,T.VENKATARAMANAIAH (APPAKARANAHALLI T.VENKATESH),M,52,INC,General,183115,148302,38877,80.99,26.21,0.98
181,NELAMANGALA,BANGALORE RURAL,DR K SRINIVASAMURTHY,M,52,JD(S),SC,182233,139664,60492,76.64,43.31,10.81
182,MAGADI,RAMANAGARA,H.C.BALAKRISHNA,M,48,JD(S),General,202991,170066,74821,83.78,44,8.44
183,RAMANAGARAM,RAMANAGARA,H D KUMARA SWAMY,M,53,JD(S),General,184788,148705,83447,80.47,56.12,17.08
184,KANAKAPURA,RAMANAGARA,D.K. SHIVAKUMAR,M,51,INC,General,210997,176151,100007,83.49,56.77,17.84
185,CHANNAPATNA,RAMANAGARA,C P YOGESHWARA,M,50,SP,General,198764,168511,80099,84.78,47.53,3.84
186,MALAVALLI,MANDYA,P.M.NARENDRA SWAMY,M,50,INC,SC,230524,172550,61869,74.85,35.86,0.31
187,MADDUR,MANDYA,D.C.THAMMANNA,M,70,JD(S),General,196781,156272,80926,79.41,51.79,20.45
188,MELUKOTE,MANDYA,K.S.PUTTANNAIAH,M,63,SKP,General,191395,160892,80041,84.06,49.75,6.12
189,MANDYA,MANDYA,M.H. AMBAREESH,M,61,INC,General,222941,152818,90329,68.55,59.11,28.1
190,SHRIRANGAPATTANA,MANDYA,A.B. RAMESHA BANDISIDDEGOWDA,M,47,JD(S),General,195314,157807,55204,80.8,34.98,8.63
191,NAGAMANGALA,MANDYA,N.CHALUVARAYASWAMY (SWAMY GOWDA),M,53,JD(S),General,200796,163624,89203,81.49,54.52,12.44
192,KRISHNARAJPET,MANDYA,NARAYANAGOWDA,M,51,JD(S),General,189137,153482,56784,81.15,37,6.02
193,SHRAVANABELAGOLA,HASSAN,C.N.BALAKRISHNA,M,44,JD(S),General,189541,155814,87185,82.21,55.95,15.49
194,ARSIKERE,HASSAN,K.M.SHIVALINGE GOWDA,M,55,JD(S),General,197423,158869,76579,80.47,48.2,18.65
195,BELUR,HASSAN,Y.N RUDRESHA GOWDA,M,57,INC,General,174842,132940,48802,76.03,36.71,5.66
196,HASSAN,HASSAN,H.S.PRAKASH,M,61,JD(S),General,188414,131059,61306,69.56,46.78,3.2
197,HOLENARASIPUR,HASSAN,H.D REVANNA,M,55,JD(S),General,198333,162263,92713,81.81,57.14,18.52
198,ARKALGUD,HASSAN,MANJU A,M,55,INC,General,197950,170262,61369,86.01,36.04,5.16
199,SAKLESHPUR,HASSAN,KUMARASWAMY H.K.,M,58,JD(S),SC,181602,140486,63602,77.36,45.27,23.54
200,BELTHANGADY,DAKSHINA KANNADA,K. VASANTHA BANGERA,M,68,INC,General,193864,146229,74530,75.43,50.97,10.76
201,MOODABIDRI,DAKSHINA KANNADA,K ABHAYACHANDRA,M,64,INC,General,173553,128808,53180,74.22,41.29,3.53
202,MANGALORE CITY NORTH,DAKSHINA KANNADA,B.A.MOHIUDDIN BAVA,M,49,INC,General,204413,145853,69897,71.35,47.92,3.68
203,MANGALORE CITY SOUTH,DAKSHINA KANNADA,J.R.LOBO,M,60,INC,General,205065,132315,67829,64.52,51.26,9.28
204,MANGALORE,DAKSHINA KANNADA,U T KHADER,M,43,INC,General,168319,124927,69450,74.22,55.59,23.3
205,BANTVAL,DAKSHINA KANNADA,B.RAMANATHA RAI,M,61,INC,General,197060,156188,81665,79.26,52.29,11.43
206,PUTTUR,DAKSHINA KANNADA,SHAKUNTALA T SHETTY,F,66,INC,General,179600,142808,66345,79.51,46.46,3
207,SULLIA,DAKSHINA KANNADA,ANGARA. S,M,49,BJP,SC,180177,146066,65913,81.07,45.13,0.94
208,MADIKERI,KODAGU,APPACHU (RANJAN) M.P,M,56,BJP,General,202851,153856,56696,75.85,36.85,3.01
209,VIRAJPET,KODAGU,K.G.BOPAIAH,M,58,BJP,General,201277,142377,67250,70.74,47.23,2.4
210,PERIYAPATNA,MYSORE,K.VENKATESH,M,65,INC,General,162480,136307,62045,83.89,45.52,1.53
211,KRISHNARAJANAGARA,MYSORE,SA.RA.MAHESH,M,47,JD(S),General,188498,157467,81457,83.54,51.73,9.56
212,HUNSUR,MYSORE,H.P.MANJUNATH,M,45,INC,General,203627,161496,83930,79.31,51.97,24.9
213,HEGGADADEVANKOTE,MYSORE,CHIKKAMADU S,M,62,JD(S),ST,192784,148917,48606,77.25,32.64,8.39
214,NANJANGUD,MYSORE,V.SRINIVASA PRASAD,M,64,INC,SC,185095,141009,50784,76.18,36.01,6.34
215,CHAMUNDESHWARI,MYSORE,G.T. DEVE GOWDA,M,63,JD(S),General,239448,176962,75864,73.9,42.87,4.01
216,KRISHNARAJA,MYSORE,M.K.SOMASHEKAR,M,60,INC,General,216322,127812,52611,59.08,41.16,4.75
217,CHAMARAJA,MYSORE,VASU,M,60,INC,General,198462,109938,41930,55.39,38.14,11.75
218,NARASIMHARAJA,MYSORE,TANVEER SAIT,M,44,INC,General,211635,115764,38037,54.7,32.86,7.23
219,VARUNA,MYSORE,SIDDARAMAIAH,M,64,INC,General,194915,160641,84385,82.42,52.53,18.45
220,T.NARASIPUR,MYSORE,DR. H.C. MAHADEVAPPA,M,60,INC,SC,179884,135293,53219,75.21,39.34,0.24
221,HANUR,CHAMARAJANAGAR,R.NARENDRA,M,55,INC,General,181142,137852,55684,76.1,40.39,8.38
222,KOLLEGAL,CHAMARAJANAGAR,S. JAYANNA,M,61,INC,SC,191581,146477,47402,76.46,32.36,6.96
223,CHAMARAJANAGAR,CHAMARAJANAGAR,C.PUTTARANGASHETTY,M,59,INC,General,186873,146760,54440,78.53,37.09,7.63
224,GUNDLUPET,CHAMARAJANAGAR,H.S. MAHADEVA PRASAD,M,55,INC,General,190420,162326,73723,85.25,45.42,4.73
